foreground/background,brand-50,brand-100,brand-200,brand-300,brand-400,brand-500,brand-600,brand-700,brand-800,brand-900,accent-300,accent-400,accent-500,accent-600,clay-50,clay-100,clay-500,clay-700,ink-100,ink-200,ink-300,ink-400,ink-500,ink-700,ink-800,ink-900,surface,section
brand-50,1.000000,1.104393,1.317857,1.672930,2.154604,2.982358,5.025449,7.034727,9.261351,13.547174,1.042642,1.145944,1.287417,1.909993,1.015306,1.156213,3.793056,6.447832,1.034015,1.171003,1.639412,3.181471,4.516919,9.248333,13.049775,16.021895,1.068832,1.002595
brand-100,1.104393,1.000000,1.193285,1.514795,1.950939,2.700449,4.550416,6.369766,8.385917,12.266620,1.059226,1.037623,1.165723,1.729450,1.087744,1.046922,3.434515,5.838347,1.068063,1.060314,1.484446,2.880741,4.089955,8.374130,11.816238,14.507417,1.180411,1.101535
brand-200,1.317857,1.193285,1.000000,1.269432,1.634930,2.263037,3.813351,5.338007,7.027586,10.279703,1.263959,1.150019,1.023644,1.449318,1.297989,1.139804,2.878201,4.892666,1.274505,1.125408,1.243999,2.414126,3.427474,7.017709,9.902273,12.157541,1.408568,1.314446
brand-300,1.672930,1.514795,1.269432,1.000000,1.287922,1.782716,3.003981,4.205034,5.536007,8.097873,1.604510,1.459871,1.299446,1.141705,1.647710,1.446904,2.267313,3.854215,1.617897,1.428629,1.020445,1.901736,2.700005,5.528226,7.800551,9.577147,1.788082,1.668600
brand-400,2.154604,1.950939,1.634930,1.287922,1.000000,1.384179,2.332424,3.264975,4.298401,6.287547,2.066485,1.880200,1.673586,1.128069,2.122122,1.863500,1.760442,2.992584,2.083726,1.839964,1.314254,1.476592,2.096404,4.292359,6.056693,7.436121,2.302911,2.149028
brand-500,2.982358,2.700449,2.263037,1.782716,1.384179,1.000000,1.685059,2.358780,3.105379,4.542437,2.860385,2.602534,2.316543,1.561450,2.937398,2.579418,1.271831,2.161991,2.884251,2.546840,1.819163,1.066764,1.514546,3.101014,4.375657,5.372224,3.187641,2.974640
brand-600,5.025449,4.550416,3.813351,3.003981,2.332424,1.685059,1.000000,1.399821,1.842890,2.695714,4.819917,4.385424,3.903512,2.631135,4.949689,4.346472,1.324908,1.283036,4.860133,4.291575,3.065397,1.579599,1.112583,1.840300,2.596738,3.188152,5.371363,5.012443
brand-700,7.034727,6.369766,5.338007,4.205034,3.264975,2.358780,1.399821,1.000000,1.316519,1.925757,6.747020,6.138807,5.464217,3.683117,6.928677,6.084281,1.854633,1.091022,6.803314,6.007436,4.291006,2.211155,1.557417,1.314668,1.855051,2.277543,7.518945,7.016521
brand-800,9.261351,8.385917,7.027586,5.536007,4.298401,3.105379,1.842890,1.316519,1.000000,1.462764,8.882578,8.081854,7.193744,4.848893,9.121733,8.010070,2.441660,1.436351,8.956691,7.908902,5.649190,2.911028,2.050369,1.001408,1.409057,1.729974,9.898832,9.237382
brand-900,13.547174,12.266620,10.279703,8.097873,6.287547,4.542437,2.695714,1.925757,1.462764,1.000000,12.993119,11.821849,10.522753,7.092788,13.342946,11.716846,3.571573,2.101043,13.101528,11.568860,8.263435,4.258148,2.999207,1.464823,1.038116,1.182674,14.479659,13.512113
accent-300,1.042642,1.059226,1.263959,1.604510,2.066485,2.860385,4.819917,6.747020,8.882578,12.993119,1.000000,1.099077,1.234764,1.831878,1.026924,1.108926,3.637927,6.184127,1.008344,1.123111,1.572363,3.051355,4.332186,8.870093,12.516063,15.366629,1.114410,1.039944
accent-400,1.145944,1.037623,1.150019,1.459871,1.880200,2.602534,4.385424,6.138807,8.081854,11.821849,1.099077,1.000000,1.123456,1.666742,1.128668,1.008962,3.309984,5.626656,1.108247,1.021868,1.430622,2.776289,3.941659,8.070495,11.387797,13.981397,1.224822,1.142978
accent-500,1.287417,1.165723,1.023644,1.299446,1.673586,2.316543,3.903512,5.464217,7.193744,10.522753,1.234764,1.123456,1.000000,1.483585,1.268009,1.113477,2.946252,5.008347,1.245067,1.099414,1.273412,2.471204,3.508512,7.183633,10.136399,12.444990,1.376033,1.284085
accent-600,1.909993,1.729450,1.449318,1.141705,1.128069,1.561450,2.631135,3.683117,4.848893,7.092788,1.831878,1.666742,1.483585,1.000000,1.881199,1.651938,1.985901,3.375841,1.847162,1.631074,1.165047,1.665698,2.364888,4.842078,6.832369,8.388459,2.041462,1.905050
clay-50,1.015306,1.087744,1.297989,1.647710,2.122122,2.937398,4.949689,6.928677,9.121733,13.342946,1.026924,1.128668,1.268009,1.881199,1.000000,1.138783,3.735874,6.350629,1.018427,1.153350,1.614697,3.133509,4.448825,9.108911,12.853045,15.780360,1.085192,1.012678
clay-100,1.156213,1.046922,1.139804,1.446904,1.863500,2.579418,4.346472,6.084281,8.010070,11.716846,1.108926,1.008962,1.113477,1.651938,1.138783,1.000000,3.280584,5.576680,1.118179,1.012792,1.417915,2.751630,3.906648,7.998812,11.286649,13.857213,1.235798,1.153221
clay-500,3.793056,3.434515,2.878201,2.267313,1.760442,1.271831,1.324908,1.854633,2.441660,3.571573,3.637927,3.309984,2.946252,1.985901,3.735874,3.280584,1.000000,1.699904,3.668280,3.239150,2.313668,1.192233,1.190839,2.438228,3.440439,4.224007,4.054141,3.783239
clay-700,6.447832,5.838347,4.892666,3.854215,2.992584,2.161991,1.283036,1.091022,1.436351,2.101043,6.184127,5.626656,5.008347,3.375841,6.350629,5.576680,1.699904,1.000000,6.235725,5.506246,3.933015,2.026682,1.427484,1.434332,2.023901,2.484850,6.891652,6.431145
ink-100,1.034015,1.068063,1.274505,1.617897,2.083726,2.884251,4.860133,6.803314,8.956691,13.101528,1.008344,1.108247,1.245067,1.847162,1.018427,1.118179,3.668280,6.235725,1.000000,1.132482,1.585482,3.076814,4.368332,8.944102,12.620492,15.494842,1.105189,1.031339
ink-200,1.171003,1.060314,1.125408,1.428629,1.839964,2.546840,4.291575,6.007436,7.908902,11.568860,1.123111,1.021868,1.099414,1.631074,1.153350,1.012792,3.239150,5.506246,1.132482,1.000000,1.400006,2.716876,3.857307,7.897786,11.144097,13.682194,1.251606,1.167973
ink-300,1.639412,1.484446,1.243999,1.020445,1.314254,1.819163,3.065397,4.291006,5.649190,8.263435,1.572363,1.430622,1.273412,1.165047,1.614697,1.417915,2.313668,3.933015,1.585482,1.400006,1.000000,1.940617,2.755207,5.641250,7.960034,9.772952,1.752257,1.635169
ink-400,3.181471,2.880741,2.414126,1.901736,1.476592,1.066764,1.579599,2.211155,2.911028,4.258148,3.051355,2.776289,2.471204,1.665698,3.133509,2.751630,1.192233,2.026682,3.076814,2.716876,1.940617,1.000000,1.419758,2.906936,4.101805,5.036002,3.400460,3.173237
ink-500,4.516919,4.089955,3.427474,2.700005,2.096404,1.514546,1.112583,1.557417,2.050369,2.999207,4.332186,3.941659,3.508512,2.364888,4.448825,3.906648,1.190839,1.427484,4.368332,3.857307,2.755207,1.419758,1.000000,2.047487,2.889087,3.547085,4.827830,4.505229
ink-700,9.248333,8.374130,7.017709,5.528226,4.292359,3.101014,1.840300,1.314668,1.001408,1.464823,8.870093,8.070495,7.183633,4.842078,9.108911,7.998812,2.438228,1.434332,8.944102,7.897786,5.641250,2.906936,2.047487,1.000000,1.411041,1.732409,9.884919,9.224398
ink-800,13.049775,11.816238,9.902273,7.800551,6.056693,4.375657,2.596738,1.855051,1.409057,1.038116,12.516063,11.387797,10.136399,6.832369,12.853045,11.286649,3.440439,2.023901,12.620492,11.144097,7.960034,4.101805,2.889087,1.411041,1.000000,1.227753,13.948023,13.016002
ink-900,16.021895,14.507417,12.157541,9.577147,7.436121,5.372224,3.188152,2.277543,1.729974,1.182674,15.366629,13.981397,12.444990,8.388459,15.780360,13.857213,4.224007,2.484850,15.494842,13.682194,9.772952,5.036002,3.547085,1.732409,1.227753,1.000000,17.124722,15.980430
surface,1.068832,1.180411,1.408568,1.788082,2.302911,3.187641,5.371363,7.518945,9.898832,14.479659,1.114410,1.224822,1.376033,2.041462,1.085192,1.235798,4.054141,6.891652,1.105189,1.251606,1.752257,3.400460,4.827830,9.884919,13.948023,17.124722,1.000000,1.071606
section,1.002595,1.101535,1.314446,1.668600,2.149028,2.974640,5.012443,7.016521,9.237382,13.512113,1.039944,1.142978,1.284085,1.905050,1.012678,1.153221,3.783239,6.431145,1.031339,1.167973,1.635169,3.173237,4.505229,9.224398,13.016002,15.980430,1.071606,1.000000
